userId,imdbId,rating,source
Mano,7286456,5.0,1
olivia,7286456,5.0,1
Seno,7286456,4.0,1
Sujit,7286456,4.0,1
brecht,7286456,5.0,1
Can,7286456,5.0,1
Valerie,7286456,4.0,1
Adam Driver,7286456,4.0,1
Alex,7286456,4.0,1
me,7286456,5.0,1
Max,7286456,4.0,1
em,7286456,3.0,1
Dani,7286456,5.0,1
Pantareimadrid,7286456,4.0,1
lea dicaprio,7286456,3.0,1
Cuanina,7286456,4.0,1
Alex Tester,7286456,5.0,1
Carmen Maura,7286456,3.0,1
Kosta,7286456,4.0,1
Chespirito,7286456,4.0,1
Marcel,7286456,5.0,1
Flac,7286456,4.0,1
Totoro,7286456,4.0,1
John Sample,7286456,5.0,1
Wim Wenders,7286456,5.0,1
Isabel,7286456,5.0,1
Julie,7286456,5.0,1
Tony Stark,7286456,4.0,1
Hilko,7286456,5.0,1
Yoana,7286456,4.0,1
Tessa,6751668,5.0,1
olivia,6751668,5.0,1
Seno,6751668,4.0,1
brecht,6751668,5.0,1
Valerie,6751668,5.0,1
Adam Driver,6751668,5.0,1
me,6751668,5.0,1
June,6751668,5.0,1
em,6751668,5.0,1
lea dicaprio,6751668,5.0,1
Cuanina,6751668,5.0,1
Alex Tester,6751668,5.0,1
Carmen Maura,6751668,5.0,1
Mag,6751668,5.0,1
yai,6751668,5.0,1
Totoro,6751668,5.0,1
Wim Wenders,6751668,5.0,1
Isabel,6751668,5.0,1
Tony Stark,6751668,3.0,1
Hilko,6751668,5.0,1
Yoana,6751668,5.0,1
olivia,7653254,4.0,1
Sujit,7653254,4.0,1
Valerie,7653254,3.0,1
Adam Driver,7653254,5.0,1
me,7653254,5.0,1
June,7653254,5.0,1
em,7653254,4.0,1
Elsa,7653254,5.0,1
Cuanina,7653254,4.0,1
Carmen Maura,7653254,5.0,1
Mag,7653254,4.0,1
Kosta,7653254,5.0,1
Chespirito,7653254,4.0,1
yai,7653254,4.0,1
Totoro,7653254,3.0,1
Wim Wenders,7653254,5.0,1
Julie,7653254,4.0,1
Tony Stark,7653254,2.0,1
Hilko,7653254,5.0,1
Yoana,7653254,5.0,1
me,8579674,4.0,1
Max,8579674,5.0,1
em,8579674,3.0,1
lea dicaprio,8579674,5.0,1
Alex Tester,8579674,5.0,1
Totoro,8579674,4.0,1
Tony Stark,8579674,3.0,1
Tessa,6857112,5.0,1
olivia,6857112,5.0,1
brecht,6857112,5.0,1
em,6857112,3.0,1
Carmen Maura,6857112,1.0,1
Tony Stark,6857112,3.0,1
olivia,8291806,4.0,1
brecht,8291806,5.0,1
me,8291806,3.0,1
em,8291806,3.0,1
Pantareimadrid,8291806,5.0,1
Cuanina,8291806,4.0,1
Carmen Maura,8291806,5.0,1
Carstencito,8291806,5.0,1
Mag,8291806,4.0,1
Chespirito,8291806,5.0,1
yai,8291806,3.0,1
Wim Wenders,8291806,3.0,1
Tony Stark,8291806,3.0,1
Yoana,8291806,3.0,1
em,7984734,3.0,1
Cuanina,7984734,3.0,1
yai,7984734,5.0,1
Totoro,7984734,2.0,1
Tony Stark,7984734,3.0,1
Tessa,8946378,5.0,1
me,8946378,2.0,1
em,8946378,4.0,1
Mag,8946378,4.0,1
Wim Wenders,8946378,2.0,1
Tony Stark,8946378,2.0,1
Yoana,8946378,1.0,1
Tessa,2584384,5.0,1
em,2584384,5.0,1
Dani,2584384,5.0,1
Cuanina,2584384,3.0,1
Alex Tester,2584384,5.0,1
Mag,2584384,5.0,1
Totoro,2584384,4.0,1
Wim Wenders,2584384,5.0,1
Tony Stark,2584384,2.0,1
Hilko,2584384,4.0,1
Unknown,8637428,5.0,1
me,8637428,3.0,1
em,8637428,3.0,1
Totoro,8637428,3.0,1
Tony Stark,8637428,1.0,1
Seno,8079248,2.0,1
brecht,8079248,3.0,1
Adam Driver,8079248,3.0,1
me,8079248,3.0,1
em,8079248,4.0,1
Cuanina,8079248,3.0,1
Alex Tester,8079248,3.0,1
Carstencito,8079248,4.0,1
Mag,8079248,3.0,1
Totoro,8079248,3.0,1
Wim Wenders,8079248,3.0,1
Tony Stark,8079248,2.0,1
Tessa,6155172,2.0,1
brecht,6155172,4.0,1
Adam Driver,6155172,4.0,1
me,6155172,3.0,1
em,6155172,5.0,1
Dani,6155172,3.0,1
Pantareimadrid,6155172,4.0,1
Cuanina,6155172,4.0,1
Alex Tester,6155172,4.0,1
Carmen Maura,6155172,5.0,1
Mag,6155172,5.0,1
Chespirito,6155172,5.0,1
Totoro,6155172,2.0,1
John Sample,6155172,4.0,1
Wim Wenders,6155172,4.0,1
Julie,6155172,5.0,1
Tony Stark,6155172,2.0,1
Hilko,6155172,4.0,1
Yoana,6155172,4.0,1
Tessa,1727824,5.0,1
Seno,1727824,5.0,1
Sujit,1727824,5.0,1
Unknown,1727824,5.0,1
brecht,1727824,5.0,1
Adam Driver,1727824,4.0,1
me,1727824,3.0,1
Mandy,1727824,5.0,1
Tobias,1727824,5.0,1
em,1727824,4.0,1
Dani,1727824,4.0,1
Pantareimadrid,1727824,4.0,1
Elsa,1727824,4.0,1
lea dicaprio,1727824,4.0,1
Cuanina,1727824,4.0,1
Alex Tester,1727824,3.0,1
Carmen Maura,1727824,4.0,1
Carstencito,1727824,4.0,1
Chespirito,1727824,3.0,1
Marcel,1727824,5.0,1
Flac,1727824,5.0,1
yai,1727824,4.0,1
Totoro,1727824,2.0,1
John Sample,1727824,5.0,1
Wim Wenders,1727824,4.0,1
Isabel,1727824,4.0,1
Julie,1727824,5.0,1
Tony Stark,1727824,5.0,1
Hilko,1727824,5.0,1
Yoana,1727824,4.0,1
olivia,1677720,4.0,1
brecht,1677720,4.0,1
em,1677720,2.0,1
Dani,1677720,2.0,1
tove,1677720,5.0,1
Alex Tester,1677720,1.0,1
Carstencito,1677720,1.0,1
Kosta,1677720,4.0,1
Chespirito,1677720,2.0,1
Wim Wenders,1677720,3.0,1
Tony Stark,1677720,4.0,1
Tessa,5104604,4.0,1
olivia,5104604,5.0,1
Seno,5104604,1.0,1
Unknown,5104604,3.0,1
Adam Driver,5104604,5.0,1
me,5104604,5.0,1
June,5104604,4.0,1
em,5104604,3.0,1
Dani,5104604,4.0,1
Pantareimadrid,5104604,4.0,1
Cuanina,5104604,4.0,1
Kosta,5104604,5.0,1
Chespirito,5104604,4.0,1
Wim Wenders,5104604,4.0,1
Tony Stark,5104604,3.0,1
Hilko,5104604,5.0,1
Tessa,1517451,5.0,1
Seno,1517451,3.0,1
Adam Driver,1517451,4.0,1
me,1517451,4.0,1
Max,1517451,5.0,1
em,1517451,1.0,1
lea dicaprio,1517451,3.0,1
Cuanina,1517451,4.0,1
Carmen Maura,1517451,1.0,1
Carstencito,1517451,2.0,1
Mag,1517451,1.0,1
yai,1517451,4.0,1
Wim Wenders,1517451,2.0,1
Tony Stark,1517451,4.0,1
Hilko,1517451,5.0,1
Yoana,1517451,5.0,1
Tessa,1825683,4.0,1
olivia,1825683,4.0,1
Seno,1825683,3.0,1
Sujit,1825683,5.0,1
brecht,1825683,3.0,1
Valerie,1825683,4.0,1
Adam Driver,1825683,4.0,1
me,1825683,3.0,1
Mandy,1825683,3.0,1
em,1825683,1.0,1
Pantareimadrid,1825683,2.0,1
lea dicaprio,1825683,4.0,1
Alex Tester,1825683,3.0,1
Carstencito,1825683,1.0,1
Mag,1825683,1.0,1
Arne,1825683,4.0,1
Kosta,1825683,4.0,1
Chespirito,1825683,1.0,1
John Sample,1825683,4.0,1
Wim Wenders,1825683,2.0,1
Tony Stark,1825683,3.0,1
Yoana,1825683,2.0,1
olivia,7349662,4.0,1
Seno,7349662,3.0,1
Sujit,7349662,4.0,1
brecht,7349662,5.0,1
Adam Driver,7349662,5.0,1
me,7349662,3.0,1
em,7349662,3.0,1
tove,7349662,5.0,1
Cuanina,7349662,5.0,1
Carstencito,7349662,4.0,1
Wim Wenders,7349662,4.0,1
Tony Stark,7349662,2.0,1
Hilko,7349662,5.0,1
Yoana,7349662,3.0,1
olivia,4633694,4.0,1
Seno,4633694,4.0,1
Sujit,4633694,5.0,1
Valerie,4633694,2.0,1
me,4633694,4.0,1
June,4633694,4.0,1
Mandy,4633694,4.0,1
em,4633694,1.0,1
Cuanina,4633694,1.0,1
Carstencito,4633694,4.0,1
Chespirito,4633694,1.0,1
John Sample,4633694,5.0,1
Wim Wenders,4633694,2.0,1
Tony Stark,4633694,4.0,1
Yoana,4633694,5.0,1
brecht,1034415,5.0,1
em,1034415,2.0,1
Tony Stark,1034415,2.0,1
olivia,4154756,4.0,1
Seno,4154756,3.0,1
Sujit,4154756,5.0,1
Adam Driver,4154756,4.0,1
me,4154756,2.0,1
June,4154756,5.0,1
Mandy,4154756,3.0,1
Tobias,4154756,5.0,1
em,4154756,1.0,1
Pantareimadrid,4154756,2.0,1
Cuanina,4154756,1.0,1
Alex Tester,4154756,3.0,1
Carstencito,4154756,2.0,1
Mag,4154756,1.0,1
Arne,4154756,5.0,1
Kosta,4154756,4.0,1
Chespirito,4154756,3.0,1
John Sample,4154756,5.0,1
Wim Wenders,4154756,1.0,1
Julie,4154756,2.0,1
Tony Stark,4154756,5.0,1
Yoana,4154756,3.0,1
brecht,5013056,4.0,1
Adam Driver,5013056,5.0,1
me,5013056,5.0,1
Max,5013056,4.0,1
Tobias,5013056,4.0,1
em,5013056,3.0,1
Dani,5013056,4.0,1
Pantareimadrid,5013056,2.0,1
Cuanina,5013056,3.0,1
Alex Tester,5013056,4.0,1
Carstencito,5013056,4.0,1
Chespirito,5013056,2.0,1
John Sample,5013056,4.0,1
Tony Stark,5013056,4.0,1
Hilko,5013056,4.0,1
Yoana,5013056,5.0,1
Mano,1856101,4.0,1
olivia,1856101,3.0,1
Seno,1856101,3.0,1
Sujit,1856101,4.0,1
brecht,1856101,5.0,1
Adam Driver,1856101,4.0,1
Alex,1856101,3.0,1
me,1856101,3.0,1
em,1856101,3.0,1
Pantareimadrid,1856101,2.0,1
Cuanina,1856101,3.0,1
Alex Tester,1856101,4.0,1
Kosta,1856101,3.0,1
Chespirito,1856101,2.0,1
yai,1856101,5.0,1
John Sample,1856101,3.0,1
Wim Wenders,1856101,4.0,1
Isabel,1856101,4.0,1
Tony Stark,1856101,2.0,1
Yoana,1856101,2.0,1
Tessa,5052448,5.0,1
olivia,5052448,5.0,1
Sujit,5052448,3.0,1
brecht,5052448,5.0,1
Alex,5052448,5.0,1
me,5052448,4.0,1
Max,5052448,3.0,1
em,5052448,3.0,1
Pantareimadrid,5052448,4.0,1
tove,5052448,5.0,1
Cuanina,5052448,4.0,1
Carmen Maura,5052448,3.0,1
Chespirito,5052448,4.0,1
Wim Wenders,5052448,4.0,1
Tony Stark,5052448,3.0,1
Hilko,5052448,5.0,1
Yoana,5052448,3.0,1
olivia,2380307,3.0,1
Seno,2380307,5.0,1
Sujit,2380307,5.0,1
brecht,2380307,4.0,1
Valerie,2380307,4.0,1
me,2380307,4.0,1
em,2380307,3.0,1
Pantareimadrid,2380307,5.0,1
Elsa,2380307,4.0,1
lea dicaprio,2380307,5.0,1
Cuanina,2380307,5.0,1
Alex Tester,2380307,4.0,1
Carmen Maura,2380307,5.0,1
Carstencito,2380307,3.0,1
Kosta,2380307,4.0,1
Chespirito,2380307,4.0,1
Flac,2380307,4.0,1
yai,2380307,5.0,1
Wim Wenders,2380307,3.0,1
Julie,2380307,5.0,1
Tony Stark,2380307,1.0,1
Hilko,2380307,5.0,1
Yoana,2380307,5.0,1
Tessa,5580390,5.0,1
Seno,5580390,3.0,1
brecht,5580390,4.0,1
me,5580390,2.0,1
em,5580390,3.0,1
Pantareimadrid,5580390,1.0,1
tove,5580390,5.0,1
Cuanina,5580390,3.0,1
Carmen Maura,5580390,1.0,1
Carstencito,5580390,3.0,1
Kosta,5580390,3.0,1
Chespirito,5580390,2.0,1
yai,5580390,1.0,1
John Sample,5580390,2.0,1
Wim Wenders,5580390,3.0,1
Julie,5580390,4.0,1
Tony Stark,5580390,2.0,1
Seno,1396484,1.0,1
Sujit,1396484,5.0,1
brecht,1396484,4.0,1
Valerie,1396484,3.0,1
Alex,1396484,3.0,1
June,1396484,2.0,1
em,1396484,3.0,1
Dani,1396484,5.0,1
Pantareimadrid,1396484,1.0,1
tove,1396484,4.0,1
Cuanina,1396484,4.0,1
Carstencito,1396484,1.0,1
Chespirito,1396484,2.0,1
Wim Wenders,1396484,1.0,1
Julie,1396484,2.0,1
Tony Stark,1396484,3.0,1
Tessa,5027774,5.0,1
Seno,5027774,3.0,1
Sujit,5027774,5.0,1
brecht,5027774,4.0,1
Valerie,5027774,4.0,1
me,5027774,4.0,1
em,5027774,4.0,1
Pantareimadrid,5027774,4.0,1
tove,5027774,5.0,1
Elsa,5027774,4.0,1
Cuanina,5027774,5.0,1
Carmen Maura,5027774,4.0,1
Carstencito,5027774,5.0,1
Chespirito,5027774,3.0,1
Wim Wenders,5027774,5.0,1
Tony Stark,5027774,3.0,1
Hilko,5027774,5.0,1
Yoana,5027774,4.0,1
Tessa,5726616,4.0,1
olivia,5726616,3.0,1
Unknown,5726616,4.0,1
brecht,5726616,5.0,1
me,5726616,3.0,1
Max,5726616,5.0,1
em,5726616,5.0,1
tove,5726616,3.0,1
Cuanina,5726616,2.0,1
Carmen Maura,5726616,5.0,1
Carstencito,5726616,3.0,1
Mag,5726616,5.0,1
Marcel,5726616,4.0,1
yai,5726616,4.0,1
Wim Wenders,5726616,4.0,1
Tony Stark,5726616,2.0,1
Yoana,5726616,5.0,1
brecht,5109784,5.0,1
me,5109784,4.0,1
em,5109784,5.0,1
Pantareimadrid,5109784,3.0,1
Elsa,5109784,5.0,1
Cuanina,5109784,4.0,1
Carmen Maura,5109784,1.0,1
Mag,5109784,5.0,1
Chespirito,5109784,4.0,1
Wim Wenders,5109784,4.0,1
Julie,5109784,4.0,1
Tony Stark,5109784,2.0,1
Yoana,5109784,5.0,1
Tessa,4925292,5.0,1
Sujit,4925292,4.0,1
brecht,4925292,4.0,1
me,4925292,5.0,1
Max,4925292,2.0,1
em,4925292,4.0,1
tove,4925292,3.0,1
Cuanina,4925292,2.0,1
Carmen Maura,4925292,4.0,1
Carstencito,4925292,3.0,1
Mag,4925292,4.0,1
Kosta,4925292,4.0,1
Wim Wenders,4925292,4.0,1
Isabel,4925292,3.0,1
Tony Stark,4925292,2.0,1
Hilko,4925292,4.0,1
Yoana,4925292,4.0,1
Mano,1431045,5.0,1
olivia,1431045,4.0,1
Seno,1431045,4.0,1
Can,1431045,4.0,1
Adam Driver,1431045,2.0,1
Alex,1431045,1.0,1
me,1431045,2.0,1
June,1431045,5.0,1
em,1431045,3.0,1
Dani,1431045,5.0,1
Pantareimadrid,1431045,3.0,1
Elsa,1431045,5.0,1
Alex Tester,1431045,2.0,1
Carstencito,1431045,4.0,1
Arne,1431045,5.0,1
Kosta,1431045,5.0,1
Chespirito,1431045,4.0,1
Flac,1431045,3.0,1
Totoro,1431045,5.0,1
John Sample,1431045,4.0,1
Wim Wenders,1431045,2.0,1
Tony Stark,1431045,4.0,1
Mano,2543164,5.0,1
olivia,2543164,2.0,1
Unknown,2543164,5.0,1
Adam Driver,2543164,5.0,1
me,2543164,5.0,1
June,2543164,5.0,1
Max,2543164,5.0,1
em,2543164,3.0,1
Pantareimadrid,2543164,5.0,1
tove,2543164,4.0,1
Cuanina,2543164,3.0,1
Alex Tester,2543164,4.0,1
Carmen Maura,2543164,2.0,1
Carstencito,2543164,4.0,1
Kosta,2543164,4.0,1
Chespirito,2543164,5.0,1
Totoro,2543164,3.0,1
Wim Wenders,2543164,5.0,1
Julie,2543164,4.0,1
Tony Stark,2543164,4.0,1
Yoana,2543164,3.0,1
Sujit,3783958,5.0,1
Adam Driver,3783958,4.0,1
Alex,3783958,4.0,1
me,3783958,4.0,1
June,3783958,4.0,1
Tobias,3783958,5.0,1
em,3783958,4.0,1
Dani,3783958,4.0,1
Pantareimadrid,3783958,3.0,1
tove,3783958,3.0,1
Elsa,3783958,4.0,1
Cuanina,3783958,3.0,1
Carmen Maura,3783958,1.0,1
Carstencito,3783958,3.0,1
Kosta,3783958,5.0,1
Chespirito,3783958,1.0,1
yai,3783958,4.0,1
Totoro,3783958,4.0,1
Wim Wenders,3783958,5.0,1
Isabel,3783958,4.0,1
Julie,3783958,2.0,1
Tony Stark,3783958,4.0,1
Hilko,3783958,2.0,1
Yoana,3783958,4.0,1
Tessa,4975722,5.0,1
Seno,4975722,3.0,1
Unknown,4975722,5.0,1
brecht,4975722,3.0,1
Valerie,4975722,5.0,1
Adam Driver,4975722,5.0,1
me,4975722,3.0,1
June,4975722,5.0,1
em,4975722,3.0,1
Dani,4975722,5.0,1
Pantareimadrid,4975722,4.0,1
lea dicaprio,4975722,5.0,1
Cuanina,4975722,4.0,1
Alex Tester,4975722,4.0,1
Carmen Maura,4975722,3.0,1
Carstencito,4975722,3.0,1
Chespirito,4975722,5.0,1
Totoro,4975722,4.0,1
Isabel,4975722,4.0,1
Julie,4975722,4.0,1
Tony Stark,4975722,3.0,1
Hilko,4975722,4.0,1
Unknown,4846340,4.0,1
brecht,4846340,4.0,1
Adam Driver,4846340,3.0,1
me,4846340,3.0,1
June,4846340,5.0,1
Max,4846340,5.0,1
em,4846340,3.0,1
Pantareimadrid,4846340,4.0,1
Elsa,4846340,3.0,1
Cuanina,4846340,4.0,1
Alex Tester,4846340,4.0,1
Carmen Maura,4846340,4.0,1
Carstencito,4846340,4.0,1
Chespirito,4846340,3.0,1
yai,4846340,5.0,1
Wim Wenders,4846340,1.0,1
Julie,4846340,5.0,1
Tony Stark,4846340,3.0,1
Seno,4550098,2.0,1
me,4550098,4.0,1
June,4550098,4.0,1
Pantareimadrid,4550098,4.0,1
Carmen Maura,4550098,3.0,1
Carstencito,4550098,5.0,1
Julie,4550098,4.0,1
Tony Stark,4550098,4.0,1
me,3553976,5.0,1
em,3553976,4.0,1
Dani,3553976,4.0,1
Pantareimadrid,3553976,4.0,1
Cuanina,3553976,5.0,1
Carmen Maura,3553976,4.0,1
Carstencito,3553976,4.0,1
Mag,3553976,4.0,1
Kosta,3553976,3.0,1
Chespirito,3553976,4.0,1
yai,3553976,5.0,1
John Sample,3553976,4.0,1
Wim Wenders,3553976,4.0,1
Tony Stark,3553976,2.0,1
Hilko,3553976,4.0,1
Yoana,3553976,3.0,1
Sujit,4048272,4.0,1
me,4048272,3.0,1
Cuanina,4048272,5.0,1
Totoro,4048272,4.0,1
Wim Wenders,4048272,4.0,1
Tony Stark,4048272,2.0,1
Hilko,4048272,5.0,1
Seno,4972582,4.0,1
brecht,4972582,4.0,1
Adam Driver,4972582,2.0,1
Pantareimadrid,4972582,4.0,1
tove,4972582,4.0,1
Carstencito,4972582,3.0,1
Chespirito,4972582,2.0,1
Wim Wenders,4972582,1.0,1
Tony Stark,4972582,3.0,1
Yoana,4972582,2.0,1
me,2119532,2.0,1
Max,2119532,3.0,1
em,2119532,5.0,1
Alex Tester,2119532,3.0,1
Mag,2119532,4.0,1
Totoro,2119532,3.0,1
Wim Wenders,2119532,4.0,1
Tony Stark,2119532,4.0,1
Tessa,3659388,4.0,1
Mano,3659388,5.0,1
olivia,3659388,4.0,1
Seno,3659388,2.0,1
brecht,3659388,4.0,1
Adam Driver,3659388,2.0,1
me,3659388,3.0,1
June,3659388,4.0,1
Max,3659388,4.0,1
Pantareimadrid,3659388,1.0,1
Cuanina,3659388,2.0,1
Alex Tester,3659388,4.0,1
Carmen Maura,3659388,4.0,1
Carstencito,3659388,4.0,1
Kosta,3659388,2.0,1
Chespirito,3659388,1.0,1
Marcel,3659388,4.0,1
Totoro,3659388,3.0,1
John Sample,3659388,3.0,1
Wim Wenders,3659388,3.0,1
Isabel,3659388,3.0,1
Julie,3659388,4.0,1
Tony Stark,3659388,4.0,1
Yoana,3659388,4.0,1
Mano,2096673,5.0,1
olivia,2096673,3.0,1
Seno,2096673,5.0,1
Unknown,2096673,5.0,1
me,2096673,4.0,1
June,2096673,5.0,1
Dani,2096673,3.0,1
Pantareimadrid,2096673,4.0,1
Elsa,2096673,3.0,1
lea dicaprio,2096673,4.0,1
Cuanina,2096673,4.0,1
Alex Tester,2096673,4.0,1
Carmen Maura,2096673,4.0,1
Carstencito,2096673,4.0,1
Arne,2096673,3.0,1
Kosta,2096673,4.0,1
Chespirito,2096673,4.0,1
Marcel,2096673,3.0,1
Flac,2096673,5.0,1
yai,2096673,5.0,1
Totoro,2096673,3.0,1
John Sample,2096673,2.0,1
Wim Wenders,2096673,3.0,1
Julie,2096673,4.0,1
Tony Stark,2096673,2.0,1
Hilko,2096673,5.0,1
Yoana,2096673,4.0,1
Mano,1392190,2.0,1
Seno,1392190,1.0,1
Sujit,1392190,5.0,1
Unknown,1392190,3.0,1
brecht,1392190,5.0,1
Adam Driver,1392190,4.0,1
Alex,1392190,5.0,1
me,1392190,5.0,1
June,1392190,5.0,1
Mandy,1392190,4.0,1
Pantareimadrid,1392190,2.0,1
Elsa,1392190,3.0,1
Alex Tester,1392190,3.0,1
Chespirito,1392190,2.0,1
Marcel,1392190,5.0,1
Totoro,1392190,3.0,1
John Sample,1392190,2.0,1
Wim Wenders,1392190,3.0,1
Isabel,1392190,5.0,1
Tony Stark,1392190,3.0,1
Yoana,1392190,5.0,1
Tessa,470752,4.0,1
Mano,470752,5.0,1
Seno,470752,4.0,1
Sujit,470752,5.0,1
Unknown,470752,4.0,1
brecht,470752,4.0,1
me,470752,5.0,1
em,470752,5.0,1
Pantareimadrid,470752,2.0,1
Cuanina,470752,2.0,1
Carstencito,470752,4.0,1
Chespirito,470752,5.0,1
yai,470752,5.0,1
John Sample,470752,3.0,1
Wim Wenders,470752,4.0,1
Julie,470752,5.0,1
Tony Stark,470752,3.0,1
Yoana,470752,4.0,1
Tessa,1663202,4.0,1
Seno,1663202,2.0,1
brecht,1663202,3.0,1
Adam Driver,1663202,5.0,1
me,1663202,5.0,1
June,1663202,5.0,1
Max,1663202,5.0,1
Mandy,1663202,3.0,1
em,1663202,5.0,1
Pantareimadrid,1663202,4.0,1
tove,1663202,2.0,1
Elsa,1663202,2.0,1
lea dicaprio,1663202,5.0,1
Cuanina,1663202,3.0,1
Alex Tester,1663202,4.0,1
Carmen Maura,1663202,2.0,1
Carstencito,1663202,3.0,1
Mag,1663202,4.0,1
Arne,1663202,4.0,1
Chespirito,1663202,4.0,1
Marcel,1663202,4.0,1
yai,1663202,1.0,1
Totoro,1663202,4.0,1
Wim Wenders,1663202,5.0,1
Isabel,1663202,4.0,1
Julie,1663202,4.0,1
Tony Stark,1663202,5.0,1
Hilko,1663202,4.0,1
Yoana,1663202,3.0,1
Tessa,1895587,5.0,1
brecht,1895587,3.0,1
Adam Driver,1895587,5.0,1
me,1895587,3.0,1
em,1895587,5.0,1
Pantareimadrid,1895587,5.0,1
lea dicaprio,1895587,4.0,1
Cuanina,1895587,4.0,1
Carmen Maura,1895587,4.0,1
Mag,1895587,4.0,1
Chespirito,1895587,4.0,1
Wim Wenders,1895587,3.0,1
Tony Stark,1895587,3.0,1
Hilko,1895587,5.0,1
Yoana,1895587,4.0,1
me,2401878,5.0,1
Pantareimadrid,2401878,5.0,1
Elsa,2401878,4.0,1
Cuanina,2401878,4.0,1
Chespirito,2401878,4.0,1
Wim Wenders,2401878,5.0,1
Tony Stark,2401878,2.0,1
Yoana,2401878,4.0,1
Unknown,2402927,4.0,1
me,2402927,4.0,1
Pantareimadrid,2402927,4.0,1
Elsa,2402927,4.0,1
Cuanina,2402927,5.0,1
Carmen Maura,2402927,5.0,1
Carstencito,2402927,5.0,1
Chespirito,2402927,3.0,1
yai,2402927,4.0,1
Tony Stark,2402927,2.0,1
Yoana,2402927,4.0,1
Mano,2488496,1.0,1
Seno,2488496,1.0,1
Sujit,2488496,4.0,1
Unknown,2488496,3.0,1
Adam Driver,2488496,2.0,1
me,2488496,2.0,1
June,2488496,5.0,1
Max,2488496,4.0,1
Mandy,2488496,3.0,1
Pantareimadrid,2488496,4.0,1
Elsa,2488496,4.0,1
Cuanina,2488496,2.0,1
Alex Tester,2488496,3.0,1
Carstencito,2488496,2.0,1
Arne,2488496,2.0,1
Kosta,2488496,5.0,1
Chespirito,2488496,2.0,1
Marcel,2488496,5.0,1
Flac,2488496,2.0,1
Totoro,2488496,2.0,1
John Sample,2488496,4.0,1
Wim Wenders,2488496,2.0,1
Isabel,2488496,2.0,1
Tony Stark,2488496,4.0,1
Yoana,2488496,1.0,1
olivia,4226388,4.0,1
brecht,4226388,5.0,1
Valerie,4226388,5.0,1
Adam Driver,4226388,4.0,1
me,4226388,4.0,1
Pantareimadrid,4226388,3.0,1
Elsa,4226388,3.0,1
Cuanina,4226388,4.0,1
Carmen Maura,4226388,5.0,1
Chespirito,4226388,4.0,1
Marcel,4226388,4.0,1
Isabel,4226388,2.0,1
Julie,4226388,4.0,1
Tony Stark,4226388,3.0,1
Hilko,4226388,5.0,1
Tessa,816692,5.0,1
Mano,816692,4.0,1
Seno,816692,5.0,1
Sujit,816692,4.0,1
brecht,816692,4.0,1
Adam Driver,816692,5.0,1
Alex,816692,5.0,1
me,816692,3.0,1
June,816692,5.0,1
Max,816692,5.0,1
Pantareimadrid,816692,3.0,1
lea dicaprio,816692,4.0,1
Cuanina,816692,4.0,1
Alex Tester,816692,5.0,1
Carmen Maura,816692,4.0,1
Carstencito,816692,4.0,1
Kosta,816692,5.0,1
Chespirito,816692,4.0,1
Marcel,816692,5.0,1
Totoro,816692,4.0,1
John Sample,816692,4.0,1
Wim Wenders,816692,5.0,1
Isabel,816692,4.0,1
Julie,816692,5.0,1
Tony Stark,816692,5.0,1
Hilko,816692,1.0,1
Yoana,816692,3.0,1
Tessa,2084970,4.0,1
Mano,2084970,5.0,1
Seno,2084970,4.0,1
Unknown,2084970,4.0,1
Can,2084970,5.0,1
me,2084970,3.0,1
Tobias,2084970,5.0,1
em,2084970,4.0,1
Pantareimadrid,2084970,5.0,1
tove,2084970,5.0,1
Elsa,2084970,3.0,1
Cuanina,2084970,4.0,1
Alex Tester,2084970,4.0,1
Chespirito,2084970,3.0,1
Marcel,2084970,4.0,1
yai,2084970,4.0,1
Totoro,2084970,4.0,1
Wim Wenders,2084970,3.0,1
Julie,2084970,5.0,1
Tony Stark,2084970,5.0,1
Yoana,2084970,3.0,1
Mano,2015381,4.0,1
olivia,2015381,3.0,1
Seno,2015381,3.0,1
Unknown,2015381,2.0,1
Adam Driver,2015381,3.0,1
Alex,2015381,3.0,1
me,2015381,3.0,1
June,2015381,4.0,1
Max,2015381,3.0,1
Mandy,2015381,3.0,1
Tobias,2015381,5.0,1
Pantareimadrid,2015381,2.0,1
Cuanina,2015381,2.0,1
Alex Tester,2015381,3.0,1
Carstencito,2015381,4.0,1
Arne,2015381,5.0,1
Kosta,2015381,5.0,1
Chespirito,2015381,3.0,1
Totoro,2015381,3.0,1
John Sample,2015381,3.0,1
Wim Wenders,2015381,4.0,1
Tony Stark,2015381,4.0,1
Yoana,2015381,4.0,1
olivia,2267998,4.0,1
Seno,2267998,4.0,1
Sujit,2267998,5.0,1
brecht,2267998,4.0,1
me,2267998,5.0,1
June,2267998,4.0,1
Pantareimadrid,2267998,5.0,1
tove,2267998,4.0,1
Elsa,2267998,4.0,1
lea dicaprio,2267998,3.0,1
Cuanina,2267998,4.0,1
Alex Tester,2267998,5.0,1
Carmen Maura,2267998,4.0,1
Carstencito,2267998,5.0,1
Chespirito,2267998,4.0,1
Totoro,2267998,3.0,1
Wim Wenders,2267998,4.0,1
Julie,2267998,2.0,1
Tony Stark,2267998,4.0,1
Hilko,2267998,4.0,1
Tessa,2278388,5.0,1
olivia,2278388,5.0,1
Seno,2278388,5.0,1
Unknown,2278388,4.0,1
brecht,2278388,5.0,1
Valerie,2278388,4.0,1
Adam Driver,2278388,4.0,1
Alex,2278388,4.0,1
me,2278388,4.0,1
June,2278388,5.0,1
Dani,2278388,5.0,1
Pantareimadrid,2278388,2.0,1
tove,2278388,5.0,1
Elsa,2278388,4.0,1
Cuanina,2278388,4.0,1
Alex Tester,2278388,4.0,1
Carmen Maura,2278388,3.0,1
Carstencito,2278388,4.0,1
Chespirito,2278388,3.0,1
yai,2278388,5.0,1
Totoro,2278388,5.0,1
Wim Wenders,2278388,5.0,1
Isabel,2278388,5.0,1
Julie,2278388,4.0,1
Tony Stark,2278388,2.0,1
Hilko,2278388,4.0,1
Yoana,2278388,4.0,1
Mano,1631867,5.0,1
me,1631867,4.0,1
Max,1631867,4.0,1
Mandy,1631867,3.0,1
Pantareimadrid,1631867,2.0,1
Alex Tester,1631867,4.0,1
Carstencito,1631867,3.0,1
Arne,1631867,4.0,1
Kosta,1631867,4.0,1
Chespirito,1631867,3.0,1
John Sample,1631867,3.0,1
Wim Wenders,1631867,4.0,1
Tony Stark,1631867,4.0,1
Yoana,1631867,1.0,1
Tessa,2582802,5.0,1
olivia,2582802,4.0,1
brecht,2582802,4.0,1
Adam Driver,2582802,5.0,1
me,2582802,5.0,1
em,2582802,5.0,1
Pantareimadrid,2582802,4.0,1
Elsa,2582802,5.0,1
Cuanina,2582802,5.0,1
Carmen Maura,2582802,4.0,1
Mag,2582802,5.0,1
Chespirito,2582802,3.0,1
Wim Wenders,2582802,5.0,1
Isabel,2582802,5.0,1
Julie,2582802,5.0,1
Tony Stark,2582802,3.0,1
Hilko,2582802,5.0,1
Yoana,2582802,5.0,1
Mano,2562232,5.0,1
olivia,2562232,2.0,1
Seno,2562232,2.0,1
Sujit,2562232,3.0,1
brecht,2562232,3.0,1
Valerie,2562232,3.0,1
Adam Driver,2562232,5.0,1
Alex,2562232,5.0,1
me,2562232,3.0,1
Dani,2562232,5.0,1
tove,2562232,3.0,1
Elsa,2562232,2.0,1
Cuanina,2562232,4.0,1
Alex Tester,2562232,4.0,1
Carmen Maura,2562232,4.0,1
Carstencito,2562232,3.0,1
Chespirito,2562232,3.0,1
yai,2562232,3.0,1
Totoro,2562232,5.0,1
Wim Wenders,2562232,5.0,1
Julie,2562232,3.0,1
Tony Stark,2562232,5.0,1
Hilko,2562232,5.0,1
Yoana,2562232,5.0,1
brecht,2872718,3.0,1
Valerie,2872718,3.0,1
me,2872718,5.0,1
Dani,2872718,3.0,1
Pantareimadrid,2872718,5.0,1
Cuanina,2872718,3.0,1
Alex Tester,2872718,3.0,1
Carstencito,2872718,4.0,1
Chespirito,2872718,4.0,1
Marcel,2872718,4.0,1
Wim Wenders,2872718,4.0,1
Tony Stark,2872718,3.0,1
Yoana,2872718,4.0,1
Mano,1490017,5.0,1
brecht,1490017,3.0,1
me,1490017,4.0,1
Elsa,1490017,3.0,1
Carstencito,1490017,2.0,1
Kosta,1490017,5.0,1
Chespirito,1490017,3.0,1
Flac,1490017,3.0,1
John Sample,1490017,2.0,1
Wim Wenders,1490017,2.0,1
Tony Stark,1490017,2.0,1
Mano,2911666,3.0,1
Seno,2911666,1.0,1
Sujit,2911666,5.0,1
Can,2911666,4.0,1
Adam Driver,2911666,2.0,1
June,2911666,5.0,1
Max,2911666,3.0,1
Mandy,2911666,4.0,1
Tobias,2911666,4.0,1
Alex Tester,2911666,2.0,1
Arne,2911666,5.0,1
Chespirito,2911666,4.0,1
Wim Wenders,2911666,1.0,1
Tony Stark,2911666,3.0,1
olivia,1065073,4.0,1
brecht,1065073,3.0,1
me,1065073,5.0,1
Elsa,1065073,5.0,1
Cuanina,1065073,4.0,1
Wim Wenders,1065073,5.0,1
Julie,1065073,4.0,1
Tony Stark,1065073,3.0,1
Yoana,1065073,3.0,1
Tessa,993846,4.0,1
Mano,993846,5.0,1
olivia,993846,3.0,1
Seno,993846,4.0,1
Sujit,993846,5.0,1
brecht,993846,5.0,1
Can,993846,5.0,1
Valerie,993846,4.0,1
Adam Driver,993846,4.0,1
Alex,993846,4.0,1
me,993846,5.0,1
June,993846,5.0,1
Max,993846,5.0,1
Mandy,993846,5.0,1
Tobias,993846,5.0,1
Dani,993846,4.0,1
Pantareimadrid,993846,4.0,1
tove,993846,4.0,1
Elsa,993846,4.0,1
lea dicaprio,993846,4.0,1
Cuanina,993846,3.0,1
Alex Tester,993846,4.0,1
Carmen Maura,993846,5.0,1
Carstencito,993846,2.0,1
Kosta,993846,5.0,1
Totoro,993846,4.0,1
John Sample,993846,4.0,1
Wim Wenders,993846,4.0,1
Isabel,993846,4.0,1
Julie,993846,5.0,1
Tony Stark,993846,4.0,1
Hilko,993846,4.0,1
Yoana,993846,5.0,1
Tessa,1454468,5.0,1
Mano,1454468,5.0,1
olivia,1454468,3.0,1
Seno,1454468,2.0,1
Sujit,1454468,4.0,1
Adam Driver,1454468,1.0,1
me,1454468,5.0,1
June,1454468,3.0,1
Max,1454468,4.0,1
Pantareimadrid,1454468,2.0,1
tove,1454468,2.0,1
lea dicaprio,1454468,3.0,1
Cuanina,1454468,3.0,1
Alex Tester,1454468,4.0,1
Carmen Maura,1454468,3.0,1
Carstencito,1454468,2.0,1
Kosta,1454468,4.0,1
Chespirito,1454468,3.0,1
Marcel,1454468,4.0,1
yai,1454468,2.0,1
John Sample,1454468,4.0,1
Wim Wenders,1454468,5.0,1
Isabel,1454468,3.0,1
Julie,1454468,5.0,1
Tony Stark,1454468,3.0,1
Hilko,1454468,1.0,1
Yoana,1454468,5.0,1
Mano,1798709,5.0,1
olivia,1798709,4.0,1
brecht,1798709,5.0,1
me,1798709,4.0,1
em,1798709,5.0,1
tove,1798709,3.0,1
Elsa,1798709,5.0,1
Cuanina,1798709,4.0,1
Alex Tester,1798709,5.0,1
Carmen Maura,1798709,5.0,1
Carstencito,1798709,4.0,1
Mag,1798709,4.0,1
Chespirito,1798709,4.0,1
yai,1798709,5.0,1
Wim Wenders,1798709,5.0,1
Isabel,1798709,5.0,1
Tony Stark,1798709,2.0,1
Hilko,1798709,4.0,1
Yoana,1798709,4.0,1
Tessa,2294629,3.0,1
olivia,2294629,3.0,1
Seno,2294629,3.0,1
June,2294629,5.0,1
Dani,2294629,3.0,1
Pantareimadrid,2294629,1.0,1
tove,2294629,3.0,1
Elsa,2294629,3.0,1
lea dicaprio,2294629,3.0,1
Cuanina,2294629,3.0,1
Alex Tester,2294629,2.0,1
Carmen Maura,2294629,2.0,1
Carstencito,2294629,4.0,1
Arne,2294629,3.0,1
Chespirito,2294629,2.0,1
yai,2294629,4.0,1
Wim Wenders,2294629,4.0,1
Tony Stark,2294629,2.0,1
olivia,1670345,2.0,1
Seno,1670345,3.0,1
June,1670345,3.0,1
Max,1670345,4.0,1
em,1670345,1.0,1
Alex Tester,1670345,3.0,1
Carstencito,1670345,2.0,1
Kosta,1670345,5.0,1
Chespirito,1670345,1.0,1
Flac,1670345,3.0,1
Wim Wenders,1670345,1.0,1
Tony Stark,1670345,3.0,1
Yoana,1670345,1.0,1
olivia,1441395,3.0,1
brecht,1441395,4.0,1
me,1441395,2.0,1
Chespirito,1441395,4.0,1
Wim Wenders,1441395,3.0,1
Tony Stark,1441395,2.0,1
Yoana,1441395,4.0,1
brecht,2042568,5.0,1
Adam Driver,2042568,3.0,1
me,2042568,3.0,1
Cuanina,2042568,4.0,1
Carstencito,2042568,4.0,1
Wim Wenders,2042568,4.0,1
Tony Stark,2042568,2.0,1
Hilko,2042568,4.0,1
Yoana,2042568,5.0,1
Tessa,1392170,4.0,1
Mano,1392170,5.0,1
olivia,1392170,2.0,1
Seno,1392170,2.0,1
Sujit,1392170,5.0,1
Unknown,1392170,4.0,1
Adam Driver,1392170,2.0,1
Alex,1392170,2.0,1
June,1392170,2.0,1
Max,1392170,4.0,1
em,1392170,2.0,1
Pantareimadrid,1392170,3.0,1
tove,1392170,4.0,1
Elsa,1392170,3.0,1
lea dicaprio,1392170,4.0,1
Cuanina,1392170,4.0,1
Alex Tester,1392170,4.0,1
Carstencito,1392170,1.0,1
Kosta,1392170,4.0,1
Chespirito,1392170,1.0,1
Flac,1392170,2.0,1
yai,1392170,3.0,1
John Sample,1392170,3.0,1
Wim Wenders,1392170,1.0,1
Isabel,1392170,4.0,1
Tony Stark,1392170,3.0,1
Hilko,1392170,4.0,1
Yoana,1392170,4.0,1
Tessa,1853728,5.0,1
Mano,1853728,5.0,1
olivia,1853728,4.0,1
Sujit,1853728,4.0,1
Unknown,1853728,3.0,1
brecht,1853728,5.0,1
Can,1853728,5.0,1
Valerie,1853728,4.0,1
Adam Driver,1853728,5.0,1
Alex,1853728,4.0,1
me,1853728,3.0,1
June,1853728,5.0,1
Max,1853728,5.0,1
Tobias,1853728,5.0,1
Dani,1853728,5.0,1
tove,1853728,5.0,1
lea dicaprio,1853728,5.0,1
Cuanina,1853728,4.0,1
Alex Tester,1853728,5.0,1
Carmen Maura,1853728,5.0,1
Carstencito,1853728,2.0,1
Arne,1853728,5.0,1
Chespirito,1853728,2.0,1
Marcel,1853728,5.0,1
Flac,1853728,3.0,1
Totoro,1853728,4.0,1
John Sample,1853728,5.0,1
Wim Wenders,1853728,4.0,1
Tony Stark,1853728,4.0,1
Hilko,1853728,4.0,1
Yoana,1853728,5.0,1
Tessa,1045658,5.0,1
Mano,1045658,5.0,1
olivia,1045658,4.0,1
Seno,1045658,3.0,1
Sujit,1045658,4.0,1
Adam Driver,1045658,5.0,1
me,1045658,2.0,1
June,1045658,2.0,1
em,1045658,4.0,1
Dani,1045658,3.0,1
Pantareimadrid,1045658,4.0,1
tove,1045658,4.0,1
Elsa,1045658,3.0,1
Cuanina,1045658,5.0,1
Alex Tester,1045658,3.0,1
Carmen Maura,1045658,4.0,1
Carstencito,1045658,5.0,1
yai,1045658,4.0,1
Totoro,1045658,3.0,1
Wim Wenders,1045658,4.0,1
Isabel,1045658,5.0,1
Julie,1045658,4.0,1
Tony Stark,1045658,3.0,1
Hilko,1045658,4.0,1
Yoana,1045658,4.0,1
Mano,454876,4.0,1
olivia,454876,2.0,1
Seno,454876,3.0,1
Sujit,454876,5.0,1
Adam Driver,454876,3.0,1
Alex,454876,4.0,1
me,454876,4.0,1
June,454876,5.0,1
Max,454876,4.0,1
Mandy,454876,4.0,1
Pantareimadrid,454876,4.0,1
Elsa,454876,5.0,1
Cuanina,454876,4.0,1
Alex Tester,454876,4.0,1
Carmen Maura,454876,5.0,1
Carstencito,454876,5.0,1
Kosta,454876,4.0,1
Chespirito,454876,4.0,1
Marcel,454876,4.0,1
Wim Wenders,454876,4.0,1
Julie,454876,3.0,1
Tony Stark,454876,4.0,1
Hilko,454876,4.0,1
Yoana,454876,2.0,1
Mano,1371111,5.0,1
Sujit,1371111,5.0,1
Adam Driver,1371111,4.0,1
me,1371111,3.0,1
Mandy,1371111,1.0,1
Cuanina,1371111,3.0,1
Alex Tester,1371111,5.0,1
Carstencito,1371111,5.0,1
Chespirito,1371111,1.0,1
Wim Wenders,1371111,1.0,1
Tony Stark,1371111,2.0,1
Yoana,1371111,5.0,1
brecht,2076220,3.0,1
me,2076220,4.0,1
Cuanina,2076220,5.0,1
Carmen Maura,2076220,1.0,1
Wim Wenders,2076220,4.0,1
Julie,2076220,4.0,1
Tony Stark,2076220,2.0,1
Hilko,2076220,4.0,1
Mano,1637725,4.0,1
olivia,1637725,3.0,1
Seno,1637725,3.0,1
brecht,1637725,2.0,1
Can,1637725,4.0,1
Valerie,1637725,3.0,1
Adam Driver,1637725,2.0,1
Alex,1637725,3.0,1
me,1637725,2.0,1
Max,1637725,2.0,1
Mandy,1637725,1.0,1
Dani,1637725,1.0,1
tove,1637725,2.0,1
Elsa,1637725,2.0,1
Cuanina,1637725,3.0,1
Alex Tester,1637725,3.0,1
Carmen Maura,1637725,2.0,1
Arne,1637725,3.0,1
Kosta,1637725,4.0,1
Chespirito,1637725,3.0,1
Flac,1637725,3.0,1
yai,1637725,2.0,1
John Sample,1637725,3.0,1
Wim Wenders,1637725,1.0,1
Isabel,1637725,3.0,1
Tony Stark,1637725,3.0,1
Yoana,1637725,1.0,1
brecht,1602620,5.0,1
me,1602620,3.0,1
Cuanina,1602620,5.0,1
Carmen Maura,1602620,4.0,1
Wim Wenders,1602620,5.0,1
Tony Stark,1602620,2.0,1
Hilko,1602620,5.0,1
olivia,1074638,4.0,1
Seno,1074638,3.0,1
Sujit,1074638,5.0,1
Can,1074638,4.0,1
Valerie,1074638,2.0,1
Alex,1074638,3.0,1
me,1074638,4.0,1
June,1074638,2.0,1
Max,1074638,5.0,1
Mandy,1074638,3.0,1
Tobias,1074638,5.0,1
Pantareimadrid,1074638,3.0,1
Elsa,1074638,4.0,1
lea dicaprio,1074638,4.0,1
Cuanina,1074638,2.0,1
Alex Tester,1074638,3.0,1
Carmen Maura,1074638,1.0,1
Carstencito,1074638,2.0,1
Kosta,1074638,4.0,1
Chespirito,1074638,3.0,1
Marcel,1074638,4.0,1
Flac,1074638,3.0,1
Totoro,1074638,3.0,1
John Sample,1074638,3.0,1
Wim Wenders,1074638,4.0,1
Isabel,1074638,3.0,1
Tony Stark,1074638,4.0,1
Yoana,1074638,3.0,1
me,1954701,4.0,1
Cuanina,1954701,4.0,1
Carstencito,1954701,3.0,1
Totoro,1954701,3.0,1
Tony Stark,1954701,2.0,1
Hilko,1954701,4.0,1
Tessa,2347569,5.0,1
me,2347569,3.0,1
Elsa,2347569,5.0,1
Cuanina,2347569,4.0,1
Wim Wenders,2347569,5.0,1
Tony Stark,2347569,2.0,1
Seno,1675434,4.0,1
Sujit,1675434,5.0,1
brecht,1675434,4.0,1
Can,1675434,5.0,1
Valerie,1675434,4.0,1
Adam Driver,1675434,4.0,1
Alex,1675434,5.0,1
me,1675434,3.0,1
June,1675434,5.0,1
Max,1675434,5.0,1
Mandy,1675434,5.0,1
em,1675434,5.0,1
Dani,1675434,4.0,1
lea dicaprio,1675434,5.0,1
Cuanina,1675434,5.0,1
Carmen Maura,1675434,3.0,1
Carstencito,1675434,3.0,1
Mag,1675434,5.0,1
Arne,1675434,5.0,1
Marcel,1675434,5.0,1
yai,1675434,4.0,1
John Sample,1675434,4.0,1
Wim Wenders,1675434,3.0,1
Isabel,1675434,4.0,1
Julie,1675434,4.0,1
Tony Stark,1675434,4.0,1
Hilko,1675434,4.0,1
Yoana,1675434,2.0,1
Tessa,780504,4.0,1
olivia,780504,4.0,1
brecht,780504,5.0,1
Can,780504,5.0,1
Valerie,780504,2.0,1
Adam Driver,780504,5.0,1
me,780504,2.0,1
June,780504,5.0,1
Max,780504,4.0,1
Mandy,780504,2.0,1
Elsa,780504,4.0,1
lea dicaprio,780504,5.0,1
Cuanina,780504,5.0,1
Mag,780504,4.0,1
Chespirito,780504,5.0,1
Marcel,780504,5.0,1
Flac,780504,4.0,1
John Sample,780504,4.0,1
Wim Wenders,780504,5.0,1
Isabel,780504,5.0,1
Tony Stark,780504,3.0,1
Hilko,780504,4.0,1
Yoana,780504,4.0,1
Mano,1568346,3.0,1
olivia,1568346,2.0,1
Sujit,1568346,4.0,1
Adam Driver,1568346,5.0,1
me,1568346,4.0,1
Pantareimadrid,1568346,3.0,1
Elsa,1568346,4.0,1
Cuanina,1568346,4.0,1
Carmen Maura,1568346,2.0,1
Chespirito,1568346,3.0,1
Isabel,1568346,3.0,1
Tony Stark,1568346,4.0,1
Yoana,1568346,3.0,1
olivia,1605783,2.0,1
Sujit,1605783,3.0,1
me,1605783,2.0,1
Mandy,1605783,2.0,1
Elsa,1605783,3.0,1
lea dicaprio,1605783,2.0,1
Cuanina,1605783,4.0,1
Alex Tester,1605783,4.0,1
Carmen Maura,1605783,3.0,1
Carstencito,1605783,1.0,1
Kosta,1605783,5.0,1
yai,1605783,4.0,1
Totoro,1605783,2.0,1
John Sample,1605783,4.0,1
Wim Wenders,1605783,5.0,1
Isabel,1605783,4.0,1
Julie,1605783,3.0,1
Tony Stark,1605783,3.0,1
Hilko,1605783,4.0,1
Yoana,1605783,3.0,1
olivia,1454029,4.0,1
brecht,1454029,3.0,1
June,1454029,5.0,1
Pantareimadrid,1454029,5.0,1
Cuanina,1454029,5.0,1
Carmen Maura,1454029,5.0,1
Carstencito,1454029,4.0,1
Chespirito,1454029,3.0,1
yai,1454029,5.0,1
Wim Wenders,1454029,3.0,1
Julie,1454029,5.0,1
Tony Stark,1454029,3.0,1
Yoana,1454029,3.0,1
brecht,478304,3.0,1
me,478304,5.0,1
em,478304,5.0,1
Pantareimadrid,478304,3.0,1
Cuanina,478304,1.0,1
Alex Tester,478304,1.0,1
Mag,478304,5.0,1
Chespirito,478304,4.0,1
Wim Wenders,478304,4.0,1
Tony Stark,478304,3.0,1
Yoana,478304,3.0,1
Tessa,1375666,5.0,1
Mano,1375666,5.0,1
olivia,1375666,5.0,1
Seno,1375666,5.0,1
Sujit,1375666,3.0,1
Unknown,1375666,4.0,1
brecht,1375666,5.0,1
Can,1375666,5.0,1
Valerie,1375666,4.0,1
Adam Driver,1375666,5.0,1
Alex,1375666,4.0,1
me,1375666,4.0,1
June,1375666,5.0,1
Max,1375666,5.0,1
Mandy,1375666,2.0,1
Pantareimadrid,1375666,3.0,1
tove,1375666,3.0,1
Elsa,1375666,3.0,1
lea dicaprio,1375666,5.0,1
Cuanina,1375666,4.0,1
Alex Tester,1375666,5.0,1
Carmen Maura,1375666,3.0,1
Carstencito,1375666,4.0,1
Arne,1375666,5.0,1
Kosta,1375666,5.0,1
Chespirito,1375666,5.0,1
Marcel,1375666,5.0,1
Flac,1375666,4.0,1
yai,1375666,4.0,1
Totoro,1375666,5.0,1
Wim Wenders,1375666,5.0,1
Isabel,1375666,4.0,1
Julie,1375666,5.0,1
Tony Stark,1375666,5.0,1
Yoana,1375666,2.0,1
Tessa,1504320,4.0,1
olivia,1504320,4.0,1
brecht,1504320,3.0,1
Adam Driver,1504320,4.0,1
me,1504320,3.0,1
Tobias,1504320,5.0,1
Dani,1504320,4.0,1
Pantareimadrid,1504320,4.0,1
Elsa,1504320,5.0,1
lea dicaprio,1504320,5.0,1
Cuanina,1504320,5.0,1
Alex Tester,1504320,4.0,1
Carmen Maura,1504320,5.0,1
Carstencito,1504320,4.0,1
yai,1504320,4.0,1
Totoro,1504320,3.0,1
Wim Wenders,1504320,3.0,1
Isabel,1504320,3.0,1
Tony Stark,1504320,3.0,1
Hilko,1504320,4.0,1
Yoana,1504320,3.0,1
Tessa,947798,4.0,1
olivia,947798,5.0,1
Sujit,947798,4.0,1
brecht,947798,5.0,1
Adam Driver,947798,4.0,1
Alex,947798,4.0,1
me,947798,4.0,1
em,947798,5.0,1
Dani,947798,5.0,1
Pantareimadrid,947798,4.0,1
tove,947798,3.0,1
lea dicaprio,947798,4.0,1
Cuanina,947798,4.0,1
Alex Tester,947798,4.0,1
Carmen Maura,947798,5.0,1
Mag,947798,5.0,1
Chespirito,947798,5.0,1
yai,947798,2.0,1
Totoro,947798,2.0,1
Wim Wenders,947798,4.0,1
Isabel,947798,5.0,1
Julie,947798,5.0,1
Tony Stark,947798,2.0,1
Yoana,947798,5.0,1
Mano,1130884,5.0,1
olivia,1130884,5.0,1
Seno,1130884,4.0,1
brecht,1130884,5.0,1
Valerie,1130884,5.0,1
Adam Driver,1130884,4.0,1
Alex,1130884,4.0,1
me,1130884,4.0,1
June,1130884,3.0,1
Max,1130884,3.0,1
Mandy,1130884,5.0,1
Tobias,1130884,5.0,1
em,1130884,5.0,1
Pantareimadrid,1130884,1.0,1
tove,1130884,4.0,1
lea dicaprio,1130884,3.0,1
Cuanina,1130884,4.0,1
Alex Tester,1130884,4.0,1
Carmen Maura,1130884,3.0,1
Carstencito,1130884,1.0,1
Arne,1130884,4.0,1
Chespirito,1130884,4.0,1
Marcel,1130884,4.0,1
Flac,1130884,4.0,1
yai,1130884,5.0,1
Totoro,1130884,4.0,1
Wim Wenders,1130884,4.0,1
Isabel,1130884,4.0,1
Tony Stark,1130884,5.0,1
Yoana,1130884,3.0,1
Tessa,1282140,4.0,1
olivia,1282140,2.0,1
Sujit,1282140,5.0,1
June,1282140,1.0,1
Dani,1282140,1.0,1
tove,1282140,5.0,1
Elsa,1282140,4.0,1
lea dicaprio,1282140,2.0,1
Carmen Maura,1282140,1.0,1
Totoro,1282140,1.0,1
Wim Wenders,1282140,2.0,1
Isabel,1282140,4.0,1
Tony Stark,1282140,3.0,1
Mano,1323594,4.0,1
olivia,1323594,4.0,1
Seno,1323594,5.0,1
Sujit,1323594,3.0,1
Unknown,1323594,4.0,1
Valerie,1323594,3.0,1
Adam Driver,1323594,3.0,1
Alex,1323594,4.0,1
June,1323594,5.0,1
Dani,1323594,3.0,1
Pantareimadrid,1323594,5.0,1
tove,1323594,5.0,1
Elsa,1323594,5.0,1
Cuanina,1323594,4.0,1
Alex Tester,1323594,4.0,1
Carmen Maura,1323594,3.0,1
Carstencito,1323594,3.0,1
Arne,1323594,4.0,1
Kosta,1323594,5.0,1
Chespirito,1323594,4.0,1
Flac,1323594,3.0,1
yai,1323594,3.0,1
Totoro,1323594,4.0,1
John Sample,1323594,5.0,1
Wim Wenders,1323594,2.0,1
Isabel,1323594,4.0,1
Tony Stark,1323594,1.0,1
Mano,1542344,2.0,1
Seno,1542344,3.0,1
Sujit,1542344,2.0,1
brecht,1542344,4.0,1
me,1542344,2.0,1
June,1542344,3.0,1
Dani,1542344,4.0,1
Elsa,1542344,5.0,1
lea dicaprio,1542344,3.0,1
Chespirito,1542344,4.0,1
Totoro,1542344,1.0,1
Wim Wenders,1542344,3.0,1
Isabel,1542344,4.0,1
Tony Stark,1542344,2.0,1
Yoana,1542344,5.0,1
Mano,1285016,4.0,1
olivia,1285016,4.0,1
Seno,1285016,4.0,1
Sujit,1285016,5.0,1
brecht,1285016,4.0,1
Can,1285016,4.0,1
Valerie,1285016,3.0,1
Adam Driver,1285016,3.0,1
Alex,1285016,4.0,1
me,1285016,5.0,1
June,1285016,3.0,1
tove,1285016,3.0,1
Elsa,1285016,3.0,1
lea dicaprio,1285016,3.0,1
Alex Tester,1285016,5.0,1
Carmen Maura,1285016,3.0,1
Carstencito,1285016,4.0,1
Chespirito,1285016,2.0,1
Marcel,1285016,3.0,1
Totoro,1285016,2.0,1
John Sample,1285016,1.0,1
Wim Wenders,1285016,5.0,1
Isabel,1285016,2.0,1
Julie,1285016,3.0,1
Tony Stark,1285016,3.0,1
Yoana,1285016,4.0,1
